[{"model": "contenttypes.contenttype", "fields": {"app_label": "admin", "model": "logentry"}}, {"model": "contenttypes.contenttype", "fields": {"app_label": "auth", "model": "permission"}}, {"model": "contenttypes.contenttype", "fields": {"app_label": "auth", "model": "group"}}, {"model": "contenttypes.contenttype", "fields": {"app_label": "contenttypes", "model": "contenttype"}}, {"model": "contenttypes.contenttype", "fields": {"app_label": "sessions", "model": "session"}}, {"model": "contenttypes.contenttype", "fields": {"app_label": "mainapp", "model": "productcategory"}}, {"model": "contenttypes.contenttype", "fields": {"app_label": "mainapp", "model": "product"}}, {"model": "contenttypes.contenttype", "fields": {"app_label": "authapp", "model": "shopuser"}}, {"model": "contenttypes.contenttype", "fields": {"app_label": "basketapp", "model": "basketitem"}}, {"model": "contenttypes.contenttype", "fields": {"app_label": "social_django", "model": "association"}}, {"model": "contenttypes.contenttype", "fields": {"app_label": "social_django", "model": "code"}}, {"model": "contenttypes.contenttype", "fields": {"app_label": "social_django", "model": "nonce"}}, {"model": "contenttypes.contenttype", "fields": {"app_label": "social_django", "model": "usersocialauth"}}, {"model": "contenttypes.contenttype", "fields": {"app_label": "social_django", "model": "partial"}}, {"model": "contenttypes.contenttype", "fields": {"app_label": "authapp", "model": "shopuserprofile"}}, {"model": "contenttypes.contenttype", "fields": {"app_label": "ordersapp", "model": "order"}}, {"model": "contenttypes.contenttype", "fields": {"app_label": "ordersapp", "model": "orderitem"}}, {"model": "sessions.session", "pk": "40lklt3hs4mrmgry7cpi0vfiaoireuli", "fields": {"session_data": "NTU2ODg4MTQ5YmE3NWQ5Yjk5ZTYxMDQ0ZmM2NWNlODhlNDBmMWU0Zjp7Il9hdXRoX3VzZXJfaWQiOiIxIiwiX2F1dGhfdXNlcl9iYWNrZW5kIjoiZGphbmdvLmNvbnRyaWIuYXV0aC5iYWNrZW5kcy5Nb2RlbEJhY2tlbmQiLCJfYXV0aF91c2VyX2hhc2giOiIwYWEzOTkxOTUwMWRlZjZmZTY2MGYxOTg0MjJmYWZmMjUyZjY1Y2RkIn0=", "expire_date": "2021-03-22T18:37:40.544Z"}}, {"model": "sessions.session", "pk": "bojidnc7sioqh66lcttms34zx61dfs6g", "fields": {"session_data": "NTU2ODg4MTQ5YmE3NWQ5Yjk5ZTYxMDQ0ZmM2NWNlODhlNDBmMWU0Zjp7Il9hdXRoX3VzZXJfaWQiOiIxIiwiX2F1dGhfdXNlcl9iYWNrZW5kIjoiZGphbmdvLmNvbnRyaWIuYXV0aC5iYWNrZW5kcy5Nb2RlbEJhY2tlbmQiLCJfYXV0aF91c2VyX2hhc2giOiIwYWEzOTkxOTUwMWRlZjZmZTY2MGYxOTg0MjJmYWZmMjUyZjY1Y2RkIn0=", "expire_date": "2021-02-16T20:21:33.918Z"}}, {"model": "sessions.session", "pk": "oa7gkq5wemd0hc82vzos7bm4ajljqvcm", "fields": {"session_data": "NTU2ODg4MTQ5YmE3NWQ5Yjk5ZTYxMDQ0ZmM2NWNlODhlNDBmMWU0Zjp7Il9hdXRoX3VzZXJfaWQiOiIxIiwiX2F1dGhfdXNlcl9iYWNrZW5kIjoiZGphbmdvLmNvbnRyaWIuYXV0aC5iYWNrZW5kcy5Nb2RlbEJhY2tlbmQiLCJfYXV0aF91c2VyX2hhc2giOiIwYWEzOTkxOTUwMWRlZjZmZTY2MGYxOTg0MjJmYWZmMjUyZjY1Y2RkIn0=", "expire_date": "2021-04-23T17:22:32.884Z"}}, {"model": "sessions.session", "pk": "r6f4887f3qqscnucfkwv1x2p22qrp0cd", "fields": {"session_data": "NTU2ODg4MTQ5YmE3NWQ5Yjk5ZTYxMDQ0ZmM2NWNlODhlNDBmMWU0Zjp7Il9hdXRoX3VzZXJfaWQiOiIxIiwiX2F1dGhfdXNlcl9iYWNrZW5kIjoiZGphbmdvLmNvbnRyaWIuYXV0aC5iYWNrZW5kcy5Nb2RlbEJhY2tlbmQiLCJfYXV0aF91c2VyX2hhc2giOiIwYWEzOTkxOTUwMWRlZjZmZTY2MGYxOTg0MjJmYWZmMjUyZjY1Y2RkIn0=", "expire_date": "2021-04-18T10:58:41.140Z"}}, {"model": "mainapp.productcategory", "pk": 1, "fields": {"name": "\u0430\u043a\u0441\u0435\u0441\u0441\u0443\u0430\u0440\u044b", "description": "", "short_desc": "", "is_active": true}}, {"model": "mainapp.productcategory", "pk": 2, "fields": {"name": "\u043a\u0440\u043e\u0441c\u043e\u0432\u043a\u0438", "description": "", "short_desc": "", "is_active": true}}, {"model": "mainapp.productcategory", "pk": 3, "fields": {"name": "\u043c\u044f\u0447\u0438", "description": "", "short_desc": "", "is_active": true}}, {"model": "mainapp.productcategory", "pk": 4, "fields": {"name": "\u0444\u043e\u0440\u043c\u0430", "description": "", "short_desc": "", "is_active": true}}, {"model": "mainapp.productcategory", "pk": 5, "fields": {"name": "\u043d\u043e\u0432\u0438\u043d\u043a\u0438", "description": "", "short_desc": "", "is_active": false}}, {"model": "mainapp.product", "pk": 1, "fields": {"category": 2, "name": "\u0431\u0430\u0441\u043a\u0435\u0442\u0431\u043e\u043b\u044c\u043d\u044b\u0435-\u043a\u0440\u043e\u0441\u0441\u043e\u0432\u043a\u0438-renew-elevate", "image": "products_images/\u0431\u0430\u0441\u043a\u0435\u0442\u0431\u043e\u043b\u044c\u043d\u044b\u0435-\u043a\u0440\u043e\u0441\u0441\u043e\u0432\u043a\u0438-renew-elevate-SrKHKM.jpg", "description": "\u041f\u043e\u0434\u043e\u0448\u0432\u0430 \u0438\u0437 \u043f\u0435\u043d\u043e\u043c\u0430\u0442\u0435\u0440\u0438\u0430\u043b\u0430|\u0412\u0435\u0440\u0445 \u0438\u0437 \u0433\u043b\u0430\u0434\u043a\u043e\u0439 \u0438 \u043f\u0440\u043e\u0447\u043d\u043e\u0439 \u0441\u0438\u043d\u0442\u0435\u0442\u0438\u0447\u0435\u0441\u043a\u043e\u0439 \u043a\u043e\u0436\u0438.|\u0420\u0430\u0437\u043b\u0438\u0447\u043d\u044b\u0435 \u0446\u0432\u0435\u0442\u0430|\u041c\u044f\u0433\u043a\u0438\u0439 \u0431\u043e\u0440\u0442\u0438\u043a \u0434\u043b\u044f \u0443\u0434\u043e\u0431\u043d\u043e\u0439 \u043f\u043e\u0441\u0430\u0434\u043a\u0438.", "short_desc": "", "price": "5800.00", "quantity": 22, "is_active": true}}, {"model": "mainapp.product", "pk": 2, "fields": {"category": 2, "name": "\u0431\u0430\u0441\u043a\u0435\u0442\u0431\u043e\u043b\u044c\u043d\u044b\u0435-\u043a\u0440\u043e\u0441\u0441\u043e\u0432\u043a\u0438-lebron-18-hK8tcz", "image": "products_images/\u0431\u0430\u0441\u043a\u0435\u0442\u0431\u043e\u043b\u044c\u043d\u044b\u0435-\u043a\u0440\u043e\u0441\u0441\u043e\u0432\u043a\u0438-lebron-18-hK8tcz_ZWpjHqz_D6UyiYH.jpg", "description": "\u041f\u043e\u0434\u043e\u0448\u0432\u0430 \u0438\u0437 \u043f\u0435\u043d\u043e\u043c\u0430\u0442\u0435\u0440\u0438\u0430\u043b\u0430|\u0412\u0435\u0440\u0445 \u0438\u0437 \u0433\u043b\u0430\u0434\u043a\u043e\u0439 \u0438 \u043f\u0440\u043e\u0447\u043d\u043e\u0439 \u0441\u0438\u043d\u0442\u0435\u0442\u0438\u0447\u0435\u0441\u043a\u043e\u0439 \u043a\u043e\u0436\u0438.|\u0420\u0430\u0437\u043b\u0438\u0447\u043d\u044b\u0435 \u0446\u0432\u0435\u0442\u0430|\u041c\u044f\u0433\u043a\u0438\u0439 \u0431\u043e\u0440\u0442\u0438\u043a \u0434\u043b\u044f \u0443\u0434\u043e\u0431\u043d\u043e\u0439 \u043f\u043e\u0441\u0430\u0434\u043a\u0438.", "short_desc": "", "price": "8650.00", "quantity": 60, "is_active": true}}, {"model": "mainapp.product", "pk": 3, "fields": {"category": 2, "name": "\u0431\u0430\u0441\u043a\u0435\u0442\u0431\u043e\u043b\u044c\u043d\u044b\u0435-\u043a\u0440\u043e\u0441\u0441\u043e\u0432\u043a\u0438-kyrie-7-rayguns-hv6LdK", "image": "products_images/\u0431\u0430\u0441\u043a\u0435\u0442\u0431\u043e\u043b\u044c\u043d\u044b\u0435-\u043a\u0440\u043e\u0441\u0441\u043e\u0432\u043a\u0438-kyrie-7-rayguns-hv6LdK_9OWc5E2_0B6pokV.jpg", "description": "\u041f\u043e\u0434\u043e\u0448\u0432\u0430 \u0438\u0437 \u043f\u0435\u043d\u043e\u043c\u0430\u0442\u0435\u0440\u0438\u0430\u043b\u0430|\u0412\u0435\u0440\u0445 \u0438\u0437 \u0433\u043b\u0430\u0434\u043a\u043e\u0439 \u0438 \u043f\u0440\u043e\u0447\u043d\u043e\u0439 \u0441\u0438\u043d\u0442\u0435\u0442\u0438\u0447\u0435\u0441\u043a\u043e\u0439 \u043a\u043e\u0436\u0438.|\u0420\u0430\u0437\u043b\u0438\u0447\u043d\u044b\u0435 \u0446\u0432\u0435\u0442\u0430|\u041c\u044f\u0433\u043a\u0438\u0439 \u0431\u043e\u0440\u0442\u0438\u043a \u0434\u043b\u044f \u0443\u0434\u043e\u0431\u043d\u043e\u0439 \u043f\u043e\u0441\u0430\u0434\u043a\u0438.", "short_desc": "", "price": "11500.00", "quantity": 16, "is_active": true}}, {"model": "mainapp.product", "pk": 4, "fields": {"category": 3, "name": "spalding digitl", "image": "products_images/Spalding-Digital-Assets_11196_KMpP2IG.jpg", "description": "", "short_desc": "", "price": "3000.00", "quantity": 32, "is_active": true}}, {"model": "ordersapp.orderitem", "pk": 1, "fields": {"order": 1, "product": 3, "qty": 1, "add_dt": "2021-04-09T17:10:50.196Z", "update_dt": "2021-04-09T17:10:50.196Z"}}, {"model": "ordersapp.orderitem", "pk": 2, "fields": {"order": 1, "product": 4, "qty": 2, "add_dt": "2021-04-09T17:10:50.196Z", "update_dt": "2021-04-09T17:10:50.196Z"}}, {"model": "ordersapp.orderitem", "pk": 3, "fields": {"order": 1, "product": 1, "qty": 1, "add_dt": "2021-04-09T17:10:50.196Z", "update_dt": "2021-04-09T17:10:50.196Z"}}, {"model": "ordersapp.orderitem", "pk": 4, "fields": {"order": 2, "product": 4, "qty": 3, "add_dt": "2021-04-09T17:22:49.618Z", "update_dt": "2021-04-09T17:22:49.619Z"}}, {"model": "ordersapp.orderitem", "pk": 5, "fields": {"order": 2, "product": 2, "qty": 12, "add_dt": "2021-04-09T17:22:49.619Z", "update_dt": "2021-04-09T17:22:49.619Z"}}, {"model": "ordersapp.orderitem", "pk": 6, "fields": {"order": 2, "product": 3, "qty": 2, "add_dt": "2021-04-09T17:22:49.619Z", "update_dt": "2021-04-09T17:22:49.619Z"}}, {"model": "ordersapp.orderitem", "pk": 7, "fields": {"order": 2, "product": 1, "qty": 3, "add_dt": "2021-04-09T17:22:49.619Z", "update_dt": "2021-04-09T17:22:49.619Z"}}, {"model": "ordersapp.orderitem", "pk": 11, "fields": {"order": 4, "product": 3, "qty": 2, "add_dt": "2021-04-11T10:42:17.622Z", "update_dt": "2021-04-11T10:42:17.622Z"}}, {"model": "ordersapp.orderitem", "pk": 12, "fields": {"order": 4, "product": 2, "qty": 3, "add_dt": "2021-04-11T10:42:17.623Z", "update_dt": "2021-04-11T10:42:17.623Z"}}, {"model": "ordersapp.orderitem", "pk": 13, "fields": {"order": 4, "product": 1, "qty": 2, "add_dt": "2021-04-11T10:42:17.623Z", "update_dt": "2021-04-11T10:42:17.623Z"}}, {"model": "ordersapp.orderitem", "pk": 17, "fields": {"order": 5, "product": 3, "qty": 4, "add_dt": "2021-04-13T17:04:35.791Z", "update_dt": "2021-04-13T17:18:24.172Z"}}, {"model": "ordersapp.orderitem", "pk": 18, "fields": {"order": 5, "product": 4, "qty": 2, "add_dt": "2021-04-13T17:18:24.173Z", "update_dt": "2021-04-13T17:18:24.173Z"}}, {"model": "ordersapp.orderitem", "pk": 19, "fields": {"order": 5, "product": 3, "qty": 1, "add_dt": "2021-04-17T13:33:09.230Z", "update_dt": "2021-04-17T13:33:09.230Z"}}, {"model": "ordersapp.orderitem", "pk": 20, "fields": {"order": 5, "product": 2, "qty": 2, "add_dt": "2021-04-17T13:33:09.231Z", "update_dt": "2021-04-17T13:33:09.231Z"}}, {"model": "auth.permission", "fields": {"name": "Can add log entry", "content_type": ["admin", "logentry"], "codename": "add_logentry"}}, {"model": "auth.permission", "fields": {"name": "Can change log entry", "content_type": ["admin", "logentry"], "codename": "change_logentry"}}, {"model": "auth.permission", "fields": {"name": "Can delete log entry", "content_type": ["admin", "logentry"], "codename": "delete_logentry"}}, {"model": "auth.permission", "fields": {"name": "Can view log entry", "content_type": ["admin", "logentry"], "codename": "view_logentry"}}, {"model": "auth.permission", "fields": {"name": "Can add permission", "content_type": ["auth", "permission"], "codename": "add_permission"}}, {"model": "auth.permission", "fields": {"name": "Can change permission", "content_type": ["auth", "permission"], "codename": "change_permission"}}, {"model": "auth.permission", "fields": {"name": "Can delete permission", "content_type": ["auth", "permission"], "codename": "delete_permission"}}, {"model": "auth.permission", "fields": {"name": "Can view permission", "content_type": ["auth", "permission"], "codename": "view_permission"}}, {"model": "auth.permission", "fields": {"name": "Can add group", "content_type": ["auth", "group"], "codename": "add_group"}}, {"model": "auth.permission", "fields": {"name": "Can change group", "content_type": ["auth", "group"], "codename": "change_group"}}, {"model": "auth.permission", "fields": {"name": "Can delete group", "content_type": ["auth", "group"], "codename": "delete_group"}}, {"model": "auth.permission", "fields": {"name": "Can view group", "content_type": ["auth", "group"], "codename": "view_group"}}, {"model": "auth.permission", "fields": {"name": "Can add content type", "content_type": ["contenttypes", "contenttype"], "codename": "add_contenttype"}}, {"model": "auth.permission", "fields": {"name": "Can change content type", "content_type": ["contenttypes", "contenttype"], "codename": "change_contenttype"}}, {"model": "auth.permission", "fields": {"name": "Can delete content type", "content_type": ["contenttypes", "contenttype"], "codename": "delete_contenttype"}}, {"model": "auth.permission", "fields": {"name": "Can view content type", "content_type": ["contenttypes", "contenttype"], "codename": "view_contenttype"}}, {"model": "auth.permission", "fields": {"name": "Can add session", "content_type": ["sessions", "session"], "codename": "add_session"}}, {"model": "auth.permission", "fields": {"name": "Can change session", "content_type": ["sessions", "session"], "codename": "change_session"}}, {"model": "auth.permission", "fields": {"name": "Can delete session", "content_type": ["sessions", "session"], "codename": "delete_session"}}, {"model": "auth.permission", "fields": {"name": "Can view session", "content_type": ["sessions", "session"], "codename": "view_session"}}, {"model": "auth.permission", "fields": {"name": "Can add \u043a\u0430\u0442\u0435\u0433\u043e\u0440\u0438\u044f \u043f\u0440\u043e\u0434\u0443\u043a\u0442\u0430", "content_type": ["mainapp", "productcategory"], "codename": "add_productcategory"}}, {"model": "auth.permission", "fields": {"name": "Can change \u043a\u0430\u0442\u0435\u0433\u043e\u0440\u0438\u044f \u043f\u0440\u043e\u0434\u0443\u043a\u0442\u0430", "content_type": ["mainapp", "productcategory"], "codename": "change_productcategory"}}, {"model": "auth.permission", "fields": {"name": "Can delete \u043a\u0430\u0442\u0435\u0433\u043e\u0440\u0438\u044f \u043f\u0440\u043e\u0434\u0443\u043a\u0442\u0430", "content_type": ["mainapp", "productcategory"], "codename": "delete_productcategory"}}, {"model": "auth.permission", "fields": {"name": "Can view \u043a\u0430\u0442\u0435\u0433\u043e\u0440\u0438\u044f \u043f\u0440\u043e\u0434\u0443\u043a\u0442\u0430", "content_type": ["mainapp", "productcategory"], "codename": "view_productcategory"}}, {"model": "auth.permission", "fields": {"name": "Can add \u043f\u0440\u043e\u0434\u0443\u043a\u0442", "content_type": ["mainapp", "product"], "codename": "add_product"}}, {"model": "auth.permission", "fields": {"name": "Can change \u043f\u0440\u043e\u0434\u0443\u043a\u0442", "content_type": ["mainapp", "product"], "codename": "change_product"}}, {"model": "auth.permission", "fields": {"name": "Can delete \u043f\u0440\u043e\u0434\u0443\u043a\u0442", "content_type": ["mainapp", "product"], "codename": "delete_product"}}, {"model": "auth.permission", "fields": {"name": "Can view \u043f\u0440\u043e\u0434\u0443\u043a\u0442", "content_type": ["mainapp", "product"], "codename": "view_product"}}, {"model": "auth.permission", "fields": {"name": "Can add user", "content_type": ["authapp", "shopuser"], "codename": "add_shopuser"}}, {"model": "auth.permission", "fields": {"name": "Can change user", "content_type": ["authapp", "shopuser"], "codename": "change_shopuser"}}, {"model": "auth.permission", "fields": {"name": "Can delete user", "content_type": ["authapp", "shopuser"], "codename": "delete_shopuser"}}, {"model": "auth.permission", "fields": {"name": "Can view user", "content_type": ["authapp", "shopuser"], "codename": "view_shopuser"}}, {"model": "auth.permission", "fields": {"name": "Can add basket item", "content_type": ["basketapp", "basketitem"], "codename": "add_basketitem"}}, {"model": "auth.permission", "fields": {"name": "Can change basket item", "content_type": ["basketapp", "basketitem"], "codename": "change_basketitem"}}, {"model": "auth.permission", "fields": {"name": "Can delete basket item", "content_type": ["basketapp", "basketitem"], "codename": "delete_basketitem"}}, {"model": "auth.permission", "fields": {"name": "Can view basket item", "content_type": ["basketapp", "basketitem"], "codename": "view_basketitem"}}, {"model": "auth.permission", "fields": {"name": "Can add association", "content_type": ["social_django", "association"], "codename": "add_association"}}, {"model": "auth.permission", "fields": {"name": "Can change association", "content_type": ["social_django", "association"], "codename": "change_association"}}, {"model": "auth.permission", "fields": {"name": "Can delete association", "content_type": ["social_django", "association"], "codename": "delete_association"}}, {"model": "auth.permission", "fields": {"name": "Can view association", "content_type": ["social_django", "association"], "codename": "view_association"}}, {"model": "auth.permission", "fields": {"name": "Can add code", "content_type": ["social_django", "code"], "codename": "add_code"}}, {"model": "auth.permission", "fields": {"name": "Can change code", "content_type": ["social_django", "code"], "codename": "change_code"}}, {"model": "auth.permission", "fields": {"name": "Can delete code", "content_type": ["social_django", "code"], "codename": "delete_code"}}, {"model": "auth.permission", "fields": {"name": "Can view code", "content_type": ["social_django", "code"], "codename": "view_code"}}, {"model": "auth.permission", "fields": {"name": "Can add nonce", "content_type": ["social_django", "nonce"], "codename": "add_nonce"}}, {"model": "auth.permission", "fields": {"name": "Can change nonce", "content_type": ["social_django", "nonce"], "codename": "change_nonce"}}, {"model": "auth.permission", "fields": {"name": "Can delete nonce", "content_type": ["social_django", "nonce"], "codename": "delete_nonce"}}, {"model": "auth.permission", "fields": {"name": "Can view nonce", "content_type": ["social_django", "nonce"], "codename": "view_nonce"}}, {"model": "auth.permission", "fields": {"name": "Can add user social auth", "content_type": ["social_django", "usersocialauth"], "codename": "add_usersocialauth"}}, {"model": "auth.permission", "fields": {"name": "Can change user social auth", "content_type": ["social_django", "usersocialauth"], "codename": "change_usersocialauth"}}, {"model": "auth.permission", "fields": {"name": "Can delete user social auth", "content_type": ["social_django", "usersocialauth"], "codename": "delete_usersocialauth"}}, {"model": "auth.permission", "fields": {"name": "Can view user social auth", "content_type": ["social_django", "usersocialauth"], "codename": "view_usersocialauth"}}, {"model": "auth.permission", "fields": {"name": "Can add partial", "content_type": ["social_django", "partial"], "codename": "add_partial"}}, {"model": "auth.permission", "fields": {"name": "Can change partial", "content_type": ["social_django", "partial"], "codename": "change_partial"}}, {"model": "auth.permission", "fields": {"name": "Can delete partial", "content_type": ["social_django", "partial"], "codename": "delete_partial"}}, {"model": "auth.permission", "fields": {"name": "Can view partial", "content_type": ["social_django", "partial"], "codename": "view_partial"}}, {"model": "auth.permission", "fields": {"name": "Can add shop user profile", "content_type": ["authapp", "shopuserprofile"], "codename": "add_shopuserprofile"}}, {"model": "auth.permission", "fields": {"name": "Can change shop user profile", "content_type": ["authapp", "shopuserprofile"], "codename": "change_shopuserprofile"}}, {"model": "auth.permission", "fields": {"name": "Can delete shop user profile", "content_type": ["authapp", "shopuserprofile"], "codename": "delete_shopuserprofile"}}, {"model": "auth.permission", "fields": {"name": "Can view shop user profile", "content_type": ["authapp", "shopuserprofile"], "codename": "view_shopuserprofile"}}, {"model": "auth.permission", "fields": {"name": "Can add \u0437\u0430\u043a\u0430\u0437", "content_type": ["ordersapp", "order"], "codename": "add_order"}}, {"model": "auth.permission", "fields": {"name": "Can change \u0437\u0430\u043a\u0430\u0437", "content_type": ["ordersapp", "order"], "codename": "change_order"}}, {"model": "auth.permission", "fields": {"name": "Can delete \u0437\u0430\u043a\u0430\u0437", "content_type": ["ordersapp", "order"], "codename": "delete_order"}}, {"model": "auth.permission", "fields": {"name": "Can view \u0437\u0430\u043a\u0430\u0437", "content_type": ["ordersapp", "order"], "codename": "view_order"}}, {"model": "auth.permission", "fields": {"name": "Can add order item", "content_type": ["ordersapp", "orderitem"], "codename": "add_orderitem"}}, {"model": "auth.permission", "fields": {"name": "Can change order item", "content_type": ["ordersapp", "orderitem"], "codename": "change_orderitem"}}, {"model": "auth.permission", "fields": {"name": "Can delete order item", "content_type": ["ordersapp", "orderitem"], "codename": "delete_orderitem"}}, {"model": "auth.permission", "fields": {"name": "Can view order item", "content_type": ["ordersapp", "orderitem"], "codename": "view_orderitem"}}, {"model": "authapp.shopuser", "fields": {"password": "pbkdf2_sha256$150000$yH9kn5JSMbZK$G8LPHhbfXsgPkaz/64UwkK7gwXeqwme0xhWoDb2DWqs=", "last_login": "2021-04-09T17:22:32.873Z", "is_superuser": true, "username": "django", "first_name": "\u0434\u0436\u0430\u043d\u0433\u043e", "last_name": "", "email": "django@gb.local", "is_staff": true, "is_active": true, "date_joined": "2021-02-02T20:00:35.977Z", "age": 29, "avatar": "", "activate_code": "", "registration_start_time": "2021-04-04T07:35:49.925Z", "groups": [], "user_permissions": []}}, {"model": "authapp.shopuser", "fields": {"password": "pbkdf2_sha256$150000$9MehioQ4yYlw$utfoJvU9My1gJAvHYH7cdHDmrbFFwrAEBC3tFOYCJjA=", "last_login": "2021-02-06T18:27:53.830Z", "is_superuser": false, "username": "user", "first_name": "user", "last_name": "", "email": "", "is_staff": false, "is_active": true, "date_joined": "2021-02-06T18:27:34.070Z", "age": 25, "avatar": "", "activate_code": "", "registration_start_time": "2021-04-04T07:35:49.925Z", "groups": [], "user_permissions": []}}, {"model": "authapp.shopuser", "fields": {"password": "pbkdf2_sha256$150000$O28gSAAdfszW$wrhcBn13e8N0+H1igWp8c8pYu08zuc1g5jDqyc42+m0=", "last_login": "2021-02-14T07:40:47.212Z", "is_superuser": false, "username": "user1", "first_name": "user1", "last_name": "", "email": "", "is_staff": false, "is_active": true, "date_joined": "2021-02-14T07:40:36.488Z", "age": 21, "avatar": "", "activate_code": "", "registration_start_time": "2021-04-04T07:35:49.925Z", "groups": [], "user_permissions": []}}, {"model": "authapp.shopuser", "fields": {"password": "pbkdf2_sha256$150000$aCCFSlelxn8W$K6PjfcDq+57NKFTzWZTK97n/2NMFB1O061xXhbySNLY=", "last_login": null, "is_superuser": false, "username": "user2", "first_name": "\u0412\u0430\u0441\u044f", "last_name": "", "email": "user@mail.ru", "is_staff": false, "is_active": false, "date_joined": "2021-04-04T07:40:11.347Z", "age": 35, "avatar": "", "activate_code": "e72b3777b4c7aae4b47eec98af425f9512067e38", "registration_start_time": "2021-04-04T07:40:11.399Z", "groups": [], "user_permissions": []}}, {"model": "authapp.shopuser", "fields": {"password": "pbkdf2_sha256$150000$QgLaCW3UzH1b$G5TBucGRBvyrqVo0ynvRZXInMLqCrgHH1oh3eD94aCQ=", "last_login": null, "is_superuser": false, "username": "user3", "first_name": "\u0412\u0430\u0441\u044f", "last_name": "", "email": "user3@mail.ru", "is_staff": false, "is_active": false, "date_joined": "2021-04-04T07:44:33.432Z", "age": 30, "avatar": "", "activate_code": "4324e1ddddac00d09cbb9695e282d3a52d4bcfc7", "registration_start_time": "2021-04-04T07:44:33.472Z", "groups": [], "user_permissions": []}}, {"model": "authapp.shopuser", "fields": {"password": "pbkdf2_sha256$150000$hurwxK23mp8e$L20QX0bfw5AWcmDottOso1zM2vqx0exHJ6vB/DZjRJo=", "last_login": "2021-04-04T07:49:33.093Z", "is_superuser": false, "username": "user4", "first_name": "\u0412\u0430\u0441\u044f", "last_name": "", "email": "user4@mail.ru", "is_staff": false, "is_active": true, "date_joined": "2021-04-04T07:48:13.272Z", "age": 26, "avatar": "", "activate_code": "7dbc558b7c4d8b3f15a4bc7d8be0a8934d91789a", "registration_start_time": "2021-04-04T07:48:13.313Z", "groups": [], "user_permissions": []}}, {"model": "authapp.shopuser", "fields": {"password": "pbkdf2_sha256$150000$yyHqVET5ilfP$0iBSTC1Huo0PHK8k8nDiY1dN5QxPYy69vHZIpHxjEe4=", "last_login": "2021-04-04T07:54:57.229Z", "is_superuser": false, "username": "user5", "first_name": "\u0412\u0430\u043d\u044f", "last_name": "", "email": "user5@mail.ru", "is_staff": false, "is_active": true, "date_joined": "2021-04-04T07:54:32.378Z", "age": 99, "avatar": "", "activate_code": "cc2e466ea8b366e08e9c5565edfe053c1b88ecf0", "registration_start_time": "2021-04-04T07:54:32.415Z", "groups": [], "user_permissions": []}}, {"model": "authapp.shopuser", "fields": {"password": "pbkdf2_sha256$150000$5hzQAdF09FRR$ShtIcAHNLDlzmpIjWCud+a1ut2xYzlBxMKIDVAEcp8c=", "last_login": null, "is_superuser": false, "username": "user6", "first_name": "\u0412\u0430\u0441\u0438\u043b\u0438\u0439", "last_name": "", "email": "user4@mail.ru", "is_staff": false, "is_active": false, "date_joined": "2021-04-04T10:33:05.523Z", "age": 50, "avatar": "", "activate_code": "a7a24fabdf02976502087a34aaab7b6f417760f4", "registration_start_time": "2021-04-04T10:33:05.560Z", "groups": [], "user_permissions": []}}, {"model": "authapp.shopuser", "fields": {"password": "!QzgmIxq4t0f5PtRbw3zDi76dQRd8LVb0lK1cf6aJ", "last_login": "2021-04-09T14:52:53.379Z", "is_superuser": false, "username": "web.devs2021", "first_name": "\u0414\u043c\u0438\u0442\u0440\u0438\u0439", "last_name": "\u0418\u0432\u0430\u043d\u043e\u0432", "email": "web.devs2021@gmail.com", "is_staff": false, "is_active": true, "date_joined": "2021-04-06T17:43:01.664Z", "age": 27, "avatar": "", "activate_code": "", "registration_start_time": "2021-04-06T17:43:01.665Z", "groups": [], "user_permissions": []}}, {"model": "authapp.shopuser", "fields": {"password": "pbkdf2_sha256$150000$gPxNouHTAnfo$/K0XgK0WTZ+/cClCbMSUJ0gDHe0NGBINck6nF9OHCHw=", "last_login": "2021-04-09T13:51:54.638Z", "is_superuser": false, "username": "user7", "first_name": "91Anatoliy", "last_name": "", "email": "user7@mail.ru", "is_staff": false, "is_active": true, "date_joined": "2021-04-07T15:47:19.999Z", "age": 33, "avatar": "", "activate_code": "b09404b392ebdd06c4205b50ccec10b05f0c1ed0", "registration_start_time": "2021-04-07T15:47:20.047Z", "groups": [], "user_permissions": []}}, {"model": "authapp.shopuserprofile", "pk": 1, "fields": {"tagline": "", "about_me": "", "gender": "M"}}, {"model": "authapp.shopuserprofile", "pk": 2, "fields": {"tagline": "", "about_me": "", "gender": ""}}, {"model": "authapp.shopuserprofile", "pk": 3, "fields": {"tagline": "", "about_me": "", "gender": ""}}, {"model": "authapp.shopuserprofile", "pk": 4, "fields": {"tagline": "", "about_me": "", "gender": ""}}, {"model": "authapp.shopuserprofile", "pk": 5, "fields": {"tagline": "", "about_me": "", "gender": ""}}, {"model": "authapp.shopuserprofile", "pk": 6, "fields": {"tagline": "", "about_me": "", "gender": ""}}, {"model": "authapp.shopuserprofile", "pk": 7, "fields": {"tagline": "", "about_me": "", "gender": ""}}, {"model": "authapp.shopuserprofile", "pk": 8, "fields": {"tagline": "", "about_me": "", "gender": ""}}, {"model": "authapp.shopuserprofile", "pk": 9, "fields": {"tagline": "", "about_me": "", "gender": "M"}}, {"model": "authapp.shopuserprofile", "pk": 10, "fields": {"tagline": "", "about_me": "", "gender": "M"}}, {"model": "basketapp.basketitem", "pk": 1, "fields": {"user": ["user"], "product": 1, "qty": 3, "add_dt": "2021-02-08T07:53:33.294Z", "update_dt": "2021-02-08T07:59:43.010Z"}}, {"model": "social_django.usersocialauth", "pk": 1, "fields": {"user": ["web.devs2021"], "provider": "google-oauth2", "uid": "web.devs2021@gmail.com", "extra_data": "{\"auth_time\": 1617979973, \"expires\": 3599, \"token_type\": \"Bearer\", \"access_token\": \"ya29.a0AfH6SMCIj3HrLInuI3VTP4Q6tYEInZGn0ZVBiRprmK36A0HxBz5K_aBms0KKUSulzlwZdlaVweCcVLQ3WoVsyz7RuaW2EQcTUfRkhga8-CYiX-yTIeM6qdcMZby3ufqdUKlCH1SD8W7x2ptJf1A-UObWJTUM\"}", "created": "2021-04-06T17:43:01.674Z", "modified": "2021-04-09T14:52:53.345Z"}}, {"model": "social_django.usersocialauth", "pk": 2, "fields": {"user": ["user7"], "provider": "google-oauth2", "uid": "anatolminor91@inbox.ru", "extra_data": "{\"auth_time\": 1617976314, \"expires\": 3599, \"token_type\": \"Bearer\", \"access_token\": \"ya29.a0AfH6SMDYMMQ5wgjoyWvZ11_mYXdHckBfoIXnU3QESeNnyoXvHxE89tWNVbiNM_88ynVklmf_ALxKtk-6DXi9uQPI03YCF4YrMfe8IT_-H6ify0WCUBRytFsajS84_R0l80waZmvQMujahKYV7KJhIofyQA4M\"}", "created": "2021-04-07T16:10:38.026Z", "modified": "2021-04-09T13:51:54.590Z"}}, {"model": "ordersapp.order", "pk": 1, "fields": {"user": ["web.devs2021"], "add_dt": "2021-04-09T17:10:50.189Z", "update_dt": "2021-04-09T17:10:50.189Z", "status": "F", "is_active": true}}, {"model": "ordersapp.order", "pk": 2, "fields": {"user": ["django"], "add_dt": "2021-04-09T17:22:49.613Z", "update_dt": "2021-04-13T17:41:04.472Z", "status": "F", "is_active": false}}, {"model": "ordersapp.order", "pk": 4, "fields": {"user": ["django"], "add_dt": "2021-04-11T10:42:17.611Z", "update_dt": "2021-04-11T12:59:16.566Z", "status": "S", "is_active": true}}, {"model": "ordersapp.order", "pk": 5, "fields": {"user": ["django"], "add_dt": "2021-04-13T17:02:58.351Z", "update_dt": "2021-04-17T13:33:09.219Z", "status": "F", "is_active": true}}, {"model": "admin.logentry", "pk": 1, "fields": {"action_time": "2021-02-08T11:56:35.740Z", "user": ["django"], "content_type": ["mainapp", "product"], "object_id": "2", "object_repr": "\u0431\u0430\u0441\u043a\u0435\u0442\u0431\u043e\u043b\u044c\u043d\u044b\u0435-\u043a\u0440\u043e\u0441\u0441\u043e\u0432\u043a\u0438-lebron-18-hK8tcz (\u043a\u0440\u043e\u0441\u043e\u0432\u043a\u0438)", "action_flag": 1, "change_message": "[{\"added\": {}}]"}}, {"model": "admin.logentry", "pk": 2, "fields": {"action_time": "2021-02-08T11:58:38.899Z", "user": ["django"], "content_type": ["mainapp", "product"], "object_id": "3", "object_repr": "\u0431\u0430\u0441\u043a\u0435\u0442\u0431\u043e\u043b\u044c\u043d\u044b\u0435-\u043a\u0440\u043e\u0441\u0441\u043e\u0432\u043a\u0438-kyrie-7-rayguns-hv6LdK (\u043a\u0440\u043e\u0441\u043e\u0432\u043a\u0438)", "action_flag": 1, "change_message": "[{\"added\": {}}]"}}, {"model": "admin.logentry", "pk": 3, "fields": {"action_time": "2021-02-08T12:04:27.418Z", "user": ["django"], "content_type": ["mainapp", "product"], "object_id": "4", "object_repr": "spalding digitl (\u043c\u044f\u0442\u0447\u0438)", "action_flag": 1, "change_message": "[{\"added\": {}}]"}}, {"model": "admin.logentry", "pk": 4, "fields": {"action_time": "2021-02-08T12:07:48.145Z", "user": ["django"], "content_type": ["mainapp", "productcategory"], "object_id": "2", "object_repr": "\u043a\u0440\u043e\u0441c\u043e\u0432\u043a\u0438", "action_flag": 2, "change_message": "[{\"changed\": {\"fields\": [\"name\"]}}]"}}, {"model": "admin.logentry", "pk": 5, "fields": {"action_time": "2021-02-08T12:07:55.472Z", "user": ["django"], "content_type": ["mainapp", "productcategory"], "object_id": "3", "object_repr": "\u043c\u044f\u0447\u0438", "action_flag": 2, "change_message": "[{\"changed\": {\"fields\": [\"name\"]}}]"}}, {"model": "admin.logentry", "pk": 6, "fields": {"action_time": "2021-02-09T15:43:40.469Z", "user": ["django"], "content_type": ["mainapp", "product"], "object_id": "2", "object_repr": "\u0431\u0430\u0441\u043a\u0435\u0442\u0431\u043e\u043b\u044c\u043d\u044b\u0435-\u043a\u0440\u043e\u0441\u0441\u043e\u0432\u043a\u0438-lebron-18-hK8tcz (\u043a\u0440\u043e\u0441c\u043e\u0432\u043a\u0438)", "action_flag": 2, "change_message": "[{\"changed\": {\"fields\": [\"image\"]}}]"}}, {"model": "admin.logentry", "pk": 7, "fields": {"action_time": "2021-02-09T15:52:39.417Z", "user": ["django"], "content_type": ["mainapp", "product"], "object_id": "3", "object_repr": "\u0431\u0430\u0441\u043a\u0435\u0442\u0431\u043e\u043b\u044c\u043d\u044b\u0435-\u043a\u0440\u043e\u0441\u0441\u043e\u0432\u043a\u0438-kyrie-7-rayguns-hv6LdK (\u043a\u0440\u043e\u0441c\u043e\u0432\u043a\u0438)", "action_flag": 2, "change_message": "[{\"changed\": {\"fields\": [\"image\"]}}]"}}, {"model": "admin.logentry", "pk": 8, "fields": {"action_time": "2021-02-09T15:52:50.431Z", "user": ["django"], "content_type": ["mainapp", "product"], "object_id": "2", "object_repr": "\u0431\u0430\u0441\u043a\u0435\u0442\u0431\u043e\u043b\u044c\u043d\u044b\u0435-\u043a\u0440\u043e\u0441\u0441\u043e\u0432\u043a\u0438-lebron-18-hK8tcz (\u043a\u0440\u043e\u0441c\u043e\u0432\u043a\u0438)", "action_flag": 2, "change_message": "[{\"changed\": {\"fields\": [\"image\"]}}]"}}]